"Id","OwnerId","IsDeleted","Name","RecordTypeId","CreatedDate","CreatedById","LastModifiedDate","LastModifiedById","SystemModstamp","LastActivityDate","Start_Date__c","End_Date__c","Course_ID__c","Current_Developer__c","Language__c","Status__c","Group_Tutoring__c","Tutor__c","Approval_Status__c","of_Lessons__c","Synced_to_Frontend__c","Approved_for_Deletion__c","Development_Team__c","Dev_Team_Lead__c","Dev_Team_Member_1__c","Dev_Team_Member_2__c","Dev_Team_Member_3__c"
"a065Y00001vP425QAC","0055Y00000GUtn3QAD","0","GER 101","0125Y000001b9a8","2021-04-18 06:33:04","0055Y00000GUtn3QAD","2021-04-21 15:02:18","0055Y00000GUtn3QAD","2021-04-21 15:02:18","","","","CID-0023","","German","Completed","0","","Approved","6","1","0","German","0055Y00000GUtn3QAD","0055Y00000GWDKwQAP","0055Y00000GWDKrQAP","0055Y00000GUuSeQAL"
"a065Y00001vPJKDQA4","0055Y00000GUtn3QAD","0","ROM 101","0125Y000001b9a8","2021-04-20 16:28:31","0055Y00000GUtn3QAD","2021-04-21 13:15:56","0055Y00000GUtn3QAD","2021-04-21 13:15:56","","2021-04-01 00:00:00","2021-05-31 00:00:00","CID-0026","a045Y00000nyIaNQAU","Romanian","Completed","0","","Approved","1","1","0","","","","",""
"a065Y00001vPJKIQA4","0055Y00000GUtn3QAD","0","ESL 201","0125Y000001b9a8","2021-04-20 16:32:36","0055Y00000GUtn3QAD","2021-04-21 15:08:30","0055Y00000GUtn3QAD","2021-04-21 15:08:30","","2021-05-01 00:00:00","2021-07-31 00:00:00","CID-0027","a045Y00000nyIiKQAU","English","Completed","0","","Approved","5","1","0","","","","",""
"a065Y00001vPJtTQAW","0055Y00000GUtn3QAD","0","GER 102","0125Y000001b9a8","2021-04-21 05:11:17","0055Y00000GUtn3QAD","2021-04-21 15:10:09","0055Y00000GUtn3QAD","2021-04-21 15:10:09","","","","CID-0028","","German","Completed","0","","Approved","4","1","0","","","","",""
"a065Y00001vPKJbQAO","0055Y00000GUtn3QAD","0","GER 103","0125Y000001b9a8","2021-04-21 14:12:15","0055Y00000GUtn3QAD","2021-04-21 15:09:23","0055Y00000GUtn3QAD","2021-04-21 15:09:23","","","","CID-0029","a045Y00000ndueyQAA","German","Completed","0","","Approved","1","1","0","","","","",""
"a065Y00001vPKJgQAO","0055Y00000GUtn3QAD","0","GER 104","0125Y000001b9a8","2021-04-21 14:14:34","0055Y00000GUtn3QAD","2021-04-21 14:14:35","0055Y00000GUtn3QAD","2021-04-21 14:14:35","","","","CID-0030","","German","Completed","0","","Approved","0","1","0","","","","",""
"a065Y00001vPKJqQAO","0055Y00000GUtn3QAD","0","ESL 202","0125Y000001b9a8","2021-04-21 14:17:17","0055Y00000GUtn3QAD","2021-04-21 14:59:34","0055Y00000GUtn3QAD","2021-04-21 14:59:34","","","","CID-0031","","English","Completed","0","","Approved","0","1","0","","","","",""
"a065Y00001vPKK5QAO","0055Y00000GUtn3QAD","0","ESL 101","0125Y000001b9a8","2021-04-21 14:18:24","0055Y00000GUtn3QAD","2021-04-21 14:58:22","0055Y00000GUtn3QAD","2021-04-21 14:58:22","","","","CID-0032","","English","Completed","0","","Approved","0","1","0","","","","",""
"a065Y00001vPKLIQA4","0055Y00000GUtn3QAD","0","ROM 102","0125Y000001b9a8","2021-04-21 14:51:05","0055Y00000GUtn3QAD","2021-04-21 14:51:05","0055Y00000GUtn3QAD","2021-04-21 14:51:05","","","","CID-0034","a045Y00000nyIaNQAU","Romanian","Completed","0","","Approved","0","1","0","","","","",""
"a065Y00001vPKLXQA4","0055Y00000GUtn3QAD","0","ROM 103","0125Y000001b9a8","2021-04-21 14:52:20","0055Y00000GUtn3QAD","2021-04-21 14:52:20","0055Y00000GUtn3QAD","2021-04-21 14:52:20","","","","CID-0035","a045Y00000nyIaNQAU","Romanian","Completed","0","","Approved","0","1","0","","","","",""
"a065Y00001vPKLcQAO","0055Y00000GUtn3QAD","0","ESL 102","0125Y000001b9a8","2021-04-21 14:52:52","0055Y00000GUtn3QAD","2021-04-21 14:59:34","0055Y00000GUtn3QAD","2021-04-21 14:59:34","","","","CID-0036","a045Y00000ndm74QAA","English","New","0","","In Approval Process","0","0","0","","","","",""
"a065Y00001vPKLdQAO","0055Y00000GUtn3QAD","0","JPN 202","0125Y000001b9a8","2021-04-21 14:54:47","0055Y00000GUtn3QAD","2021-04-21 14:54:48","0055Y00000GUtn3QAD","2021-04-21 14:54:48","","","","CID-0038","a045Y00000nyZwJQAU","Japanese","Completed","0","","Approved","0","1","0","","","","",""
"a065Y00001vPKLhQAO","0055Y00000GUtn3QAD","0","JPN 201","0125Y000001b9a8","2021-04-21 14:53:47","0055Y00000GUtn3QAD","2021-04-21 14:55:12","0055Y00000GUtn3QAD","2021-04-21 14:55:12","","","","CID-0037","a045Y00000nyZwJQAU","Japanese","Completed","0","","Approved","0","1","0","","","","",""
"a065Y00001vPKLrQAO","0055Y00000GUtn3QAD","0","Unterwasserkorbflechten","0125Y000001b9a8","2021-04-21 14:56:22","0055Y00000GUtn3QAD","2021-04-21 14:57:55","0055Y00000GUtn3QAD","2021-04-21 14:57:55","","2021-04-30 00:00:00","2023-04-30 00:00:00","CID-0039","a045Y00000nyZxlQAE","German","In Development","0","","In Approval Process","0","0","0","","","","",""
"a065Y00001vPKMLQA4","0055Y00000GUtn3QAD","0","German-English Translation","0125Y000001b9a8","2021-04-21 15:06:25","0055Y00000GUtn3QAD","2021-04-21 15:07:24","0055Y00000GUtn3QAD","2021-04-21 15:07:24","","2021-05-03 00:00:00","2021-07-30 00:00:00","CID-0040","","German;English","Completed","0","","Approved","0","1","0","German","0055Y00000GUtn3QAD","0055Y00000GWDKwQAP","0055Y00000GWDKrQAP","0055Y00000GUuSeQAL"
"a065Y00001vPKMVQA4","0055Y00000GUtn3QAD","0","SWE 01","0125Y000001b9a8","2021-04-21 15:13:33","0055Y00000GUtn3QAD","2021-04-21 15:13:44","0055Y00000GUtn3QAD","2021-04-21 15:13:44","","","","CID-0041","a045Y00000ndm74QAA","Swedish","Completed","0","","Approved","1","1","0","","","","",""
