"Id","IsDeleted","Name","RecordTypeId","CreatedDate","CreatedById","LastModifiedDate","LastModifiedById","SystemModstamp","LastActivityDate","Course__c","Course_Developer__c","Tutor__c","Completion_Status__c","Duration__c","Group_Tutoring__c","Lesson_Number__c","Language_s__c","Capacity__c"
"a0D5Y00000pUtSzUAK","0","GER 101 - Lesson 1","0125Y000001bLA8","2021-04-19 02:13:24","0055Y00000GUtn3QAD","2021-04-21 05:19:45","0055Y00000GUtn3QAD","2021-04-21 05:19:45","","a065Y00001vP425QAC","a045Y00000ndueyQAA","","In Development","","0","1","German",""
"a0D5Y00000pUtTOUA0","0","GER 101 - Lesson 2","0125Y000001bLA8","2021-04-19 02:14:59","0055Y00000GUtn3QAD","2021-04-21 05:19:51","0055Y00000GUtn3QAD","2021-04-21 05:19:51","","a065Y00001vP425QAC","a045Y00000ndueyQAA","","In Development","","0","2.0","German",""
"a0D5Y00000pUuCZUA0","0","GER 101 - Lesson 4","0125Y000001bLA8","2021-04-19 05:51:18","0055Y00000GUtn3QAD","2021-04-21 04:53:54","0055Y00000GUtn3QAD","2021-04-21 04:53:54","","a065Y00001vP425QAC","a045Y00000ndueyQAA","","In Development","","0","4.0","German",""
"a0D5Y00000pyXDAUA2","0","ESL 201 - Lesson 1","0125Y000001bLA8","2021-04-21 03:11:12","0055Y00000GUtn3QAD","2021-04-21 15:04:08","0055Y00000GUtn3QAD","2021-04-21 15:04:08","","a065Y00001vPJKIQA4","a045Y00000nyIiKQAU","","Completed","","0","1","English",""
"a0D5Y00000pyXguUAE","0","GER 102 - Lesson 1","0125Y000001bLA8","2021-04-21 05:18:36","0055Y00000GUtn3QAD","2021-04-21 05:18:36","0055Y00000GUtn3QAD","2021-04-21 05:18:36","","a065Y00001vPJtTQAW","a045Y00000ndueyQAA","","In Development","","0","1.0","German",""
"a0D5Y00000pyZSrUAM","0","German Tutoring","0125Y000001bLAD","2021-04-21 13:10:22","0055Y00000GUtn3QAD","2021-05-01 06:15:14","0055Y00000GUtn3QAD","2021-05-01 06:15:14","","a065Y00001vP425QAC","","","","30","1","","German","6"
"a0D5Y00000pyZTuUAM","0","Romanian Tutoring","0125Y000001bLAD","2021-04-21 13:15:56","0055Y00000GUtn3QAD","2021-05-01 06:15:14","0055Y00000GUtn3QAD","2021-05-01 06:15:14","","a065Y00001vPJKDQA4","","","","","0","","Romanian",""
"a0D5Y00000pyZr6UAE","0","GER 101 - Lesson 3","0125Y000001bLA8","2021-04-21 15:02:01","0055Y00000GUtn3QAD","2021-04-21 15:02:01","0055Y00000GUtn3QAD","2021-04-21 15:02:01","","a065Y00001vP425QAC","a045Y00000nyZxlQAE","","Completed","","0","3.0","German",""
"a0D5Y00000pyZr7UAE","0","GER 101 - Lesson 5","0125Y000001bLA8","2021-04-21 15:02:18","0055Y00000GUtn3QAD","2021-04-21 15:02:18","0055Y00000GUtn3QAD","2021-04-21 15:02:18","","a065Y00001vP425QAC","a045Y00000nyZxlQAE","","Completed","","0","5.0","German",""
"a0D5Y00000pyZrGUAU","0","ESL 201 - Lesson 2","0125Y000001bLA8","2021-04-21 15:03:00","0055Y00000GUtn3QAD","2021-04-21 15:03:00","0055Y00000GUtn3QAD","2021-04-21 15:03:00","","a065Y00001vPJKIQA4","a045Y00000nyIiKQAU","","Completed","","0","2.0","English",""
"a0D5Y00000pyZrQUAU","0","ESL 201 - Lesson 3","0125Y000001bLA8","2021-04-21 15:03:18","0055Y00000GUtn3QAD","2021-04-21 15:03:18","0055Y00000GUtn3QAD","2021-04-21 15:03:18","","a065Y00001vPJKIQA4","a045Y00000nyIiKQAU","","Completed","","0","3.0","French;English",""
"a0D5Y00000pyZsJUAU","0","ESL 201 - Lesson 4","0125Y000001bLA8","2021-04-21 15:08:10","0055Y00000GUtn3QAD","2021-04-21 15:08:10","0055Y00000GUtn3QAD","2021-04-21 15:08:10","","a065Y00001vPJKIQA4","a045Y00000nyIiKQAU","","Completed","","0","4.0","English",""
"a0D5Y00000pyZsOUAU","0","ESL 201 - Lesson 5","0125Y000001bLA8","2021-04-21 15:08:30","0055Y00000GUtn3QAD","2021-04-21 15:08:30","0055Y00000GUtn3QAD","2021-04-21 15:08:30","","a065Y00001vPJKIQA4","a045Y00000nyIiKQAU","","Completed","","0","5.0","English",""
"a0D5Y00000pyZsPUAU","0","GER 102 - Lesson 2","0125Y000001bLA8","2021-04-21 15:08:53","0055Y00000GUtn3QAD","2021-04-21 15:08:53","0055Y00000GUtn3QAD","2021-04-21 15:08:53","","a065Y00001vPJtTQAW","a045Y00000nyZxlQAE","","Completed","","0","2.0","German",""
"a0D5Y00000pyZsdUAE","0","GER 102 - Lesson 3","0125Y000001bLA8","2021-04-21 15:09:23","0055Y00000GUtn3QAD","2021-04-21 15:09:23","0055Y00000GUtn3QAD","2021-04-21 15:09:23","","a065Y00001vPKJbQAO","a045Y00000nyZxlQAE","","Completed","","0","3.0","German",""
"a0D5Y00000pyZseUAE","0","GER 102 - Lesson 4","0125Y000001bLA8","2021-04-21 15:09:46","0055Y00000GUtn3QAD","2021-04-21 15:09:46","0055Y00000GUtn3QAD","2021-04-21 15:09:46","","a065Y00001vPJtTQAW","a045Y00000nyZxlQAE","","Completed","","0","4.0","German",""
"a0D5Y00000pyZssUAE","0","GER 102 - Lesson 5","0125Y000001bLA8","2021-04-21 15:10:09","0055Y00000GUtn3QAD","2021-04-21 15:10:09","0055Y00000GUtn3QAD","2021-04-21 15:10:09","","a065Y00001vPJtTQAW","a045Y00000nyZxlQAE","","Completed","","0","5.0","German",""
"a0D5Y00000pyZtWUAU","0","Swedish Tutoring","0125Y000001bLAD","2021-04-21 15:13:44","0055Y00000GUtn3QAD","2021-05-01 06:15:14","0055Y00000GUtn3QAD","2021-05-01 06:15:14","","a065Y00001vPKMVQA4","","","","","0","","Swedish",""
